{
  "mae": 958.567478194631,
  "mse": 2790035.6760235154,
  "rmse": 1670.339988153165,
  "r2": 0.9217466631329341
}